year,water_depth_inch,resistivity_ohm,etape_ID,etape_length,good/bad,notes,,
2023,1,2675,ET1,15,good,,,
2023,2,2570,ET1,15,good,,,
2023,3,2486,ET1,15,good,,,
2023,4,2308,ET1,15,good,,,
2023,5,2202,ET1,15,good,,,
2023,6,2092,ET1,15,good,,,
2023,7,1992,ET1,15,good,,,
2023,8,1875,ET1,15,good,,,
2023,9,1709,ET1,15,good,,,
2023,10,1554,ET1,15,good,,,
2023,11,1449,ET1,15,good,,,
2023,12,1344,ET1,15,good,,,
2023,13,1141,ET1,15,good,,,
2023,14,988,ET1,15,good,,,
2023,15,905,ET1,15,good,,,
2023,1,2707,ET2,15,good,,,
2023,2,2611,ET2,15,good,,,
2023,3,2428,ET2,15,good,,,
2023,4,2290,ET2,15,good,,,
2023,5,2149,ET2,15,good,,,
2023,6,2036,ET2,15,good,,,
2023,7,1852,ET2,15,good,,,
2023,8,1702,ET2,15,good,,,
2023,9,1572,ET2,15,good,,,
2023,10,1410,ET2,15,good,,,
2023,11,1305,ET2,15,good,,,
2023,12,1197,ET2,15,good,,,
2023,13,1002,ET2,15,good,,,
2023,14,616,ET2,15,good,,,
2023,15,394,ET2,15,good,,,
2023,1,2615,ET3,15,good,,,
2023,2,2460,ET3,15,good,,,
2023,3,2313,ET3,15,good,,,
2023,4,2193,ET3,15,good,,,
2023,5,2082,ET3,15,good,,,
2023,6,1916,ET3,15,good,,,
2023,7,1765,ET3,15,good,,,
2023,8,1565,ET3,15,good,,,
2023,9,1394,ET3,15,good,,,
2023,10,1276,ET3,15,good,,,
2023,11,1144,ET3,15,good,,,
2023,12,972,ET3,15,good,,,
2023,13,847,ET3,15,good,,,
2023,14,680,ET3,15,good,,,
2023,15,506,ET3,15,good,,,
2023,1,2560,CT2,15,good,,,
2023,2,2450,CT2,15,good,,,
2023,3,2295,CT2,15,good,,,
2023,4,2157,CT2,15,good,,,
2023,5,2009,CT2,15,good,,,
2023,6,1848,CT2,15,good,,,
2023,7,1690,CT2,15,good,,,
2023,8,1590,CT2,15,good,,,
2023,9,1379,CT2,15,good,,,
2023,10,1230,CT2,15,good,,,
2023,11,1093,CT2,15,good,,,
2023,12,938,CT2,15,good,,,
2023,13,800,CT2,15,good,,,
2023,14,674,CT2,15,good,,,
2023,15,485,CT2,15,good,,,
2023,1,3001,ET4  ,18,good,,,
2023,2,2855,ET4  ,18,good,,,
2023,3,2674,ET4,18,good,,,
2023,4,2508,ET4,18,good,,,
2023,5,2343,ET4,18,good,,,
2023,6,2192,ET4,18,good,,,
2023,7,2065,ET4,18,good,,,
2023,8,1908,ET4,18,good,,,
2023,9,1743,ET4,18,good,,,
2023,10,1634,ET4,18,good,,,
2023,11,1481,ET4,18,good,,,
2023,12,1353,ET4,18,good,,,
2023,13,1165,ET4,18,good,,,
2023,14,1013,ET4,18,good,,,
2023,15,869,ET4,18,good,,,
2023,16,715,ET4,18,good,,,
2023,17,606,ET4,18,good,,,
2023,18,430,ET4,18,good,,,
2023,1,3090,MT1,18,good,,,
2023,2,2960,MT1,18,good,,,
2023,3,2735,MT1,18,good,,,
2023,4,2589,MT1,18,good,,,
2023,5,2438,MT1,18,good,,,
2023,6,2270,MT1,18,good,,,
2023,7,2144,MT1,18,good,,,
2023,8,1995,MT1,18,good,,,
2023,9,1886,MT1,18,good,,,
2023,10,1730,MT1,18,good,,,
2023,11,1623,MT1,18,good,,,
2023,12,1472,MT1,18,good,,,
2023,13,1330,MT1,18,good,,,
2023,14,1164,MT1,18,good,,,
2023,15,934,MT1,18,good,,,
2023,16,834,MT1,18,good,,,
2023,17,672,MT1,18,good,,,
2023,18,541,MT1,18,good,,,
2023,1,3878,ET5,24,good,,,
2023,2,3777,ET5,24,good,,,
2023,3,3590,ET5,24,good,,,
2023,4,3442,ET5,24,good,,,
2023,5,3299,ET5,24,good,,,
2023,6,3143,ET5,24,good,,,
2023,7,2991,ET5,24,good,,,
2023,8,2853,ET5,24,good,,,
2023,9,2674,ET5,24,good,,,
2023,10,2512,ET5,24,good,,,
2023,11,2373,ET5,24,good,,,
2023,12,2225,ET5,24,good,,,
2023,13,2086,ET5,24,good,,,
2023,14,1943,ET5,24,good,,,
2023,15,1773,ET5,24,good,,,
2023,16,1654,ET5,24,good,,,
2023,17,1502,ET5,24,good,,,
2023,18,1327,ET5,24,good,,,
2023,19,1214,ET5,24,good,,,
2023,20,1094,ET5,24,good,,,
2023,21,923,ET5,24,good,,,
2023,22,776,ET5,24,good,,,
2023,23,665,ET5,24,good,,,
2023,24,504,ET5,24,good,,,
2023,1,2986,ST1,18,bad,Not Working,,
2023,2,2814,ST1,18,bad,,,
2023,3,,ST1,18,bad,,,
2023,4,,ST1,18,bad,,,
2023,5,,ST1,18,bad,,,
2023,6,,ST1,18,bad,,,
2023,7,,ST1,18,bad,,,
2023,8,,ST1,18,bad,,,
2023,9,,ST1,18,bad,,,
2023,10,,ST1,18,bad,,,
2023,11,,ST1,18,bad,,,
2023,12,,ST1,18,bad,,,
2023,13,,ST1,18,bad,,,
2023,14,,ST1,18,bad,,,
2023,15,,ST1,18,bad,,,
2023,16,,ST1,18,bad,,,
2023,17,,ST1,18,bad,,,
2023,18,,ST1,18,bad,,,
2023,1,2983,MT2,18,good,,,
2023,2,2808,MT2,18,good,,,
2023,3,2635,MT2,18,good,,,
2023,4,2467,MT2,18,good,,,
2023,5,2286,MT2,18,good,,,
2023,6,2170,MT2,18,good,,,
2023,7,1975,MT2,18,good,,,
2023,8,1830,MT2,18,good,,,
2023,9,1687,MT2,18,good,,,
2023,10,1555,MT2,18,good,,,
2023,11,1422,MT2,18,good,,,
2023,12,1312,MT2,18,good,,,
2023,13,1148,MT2,18,good,,,
2023,14,1035,MT2,18,good,,,
2023,15,864,MT2,18,good,,,
2023,16,724,MT2,18,good,,,
2023,17,590,MT2,18,good,,,
2023,18,458,MT2,18,good,,,
2023,1,2560,ET6 - Upper Yampa,15,good,,,
2023,2,2410,ET6 - Upper Yampa,15,good,,,
2023,3,2272,ET6 - Upper Yampa,15,good,,,
2023,4,2105,ET6 - Upper Yampa,15,good,,,
2023,5,1945,ET6 - Upper Yampa,15,good,,,
2023,6,1787,ET6 - Upper Yampa,15,good,,,
2023,7,1678,ET6 - Upper Yampa,15,good,,,
2023,8,1511,ET6 - Upper Yampa,15,good,,,
2023,9,1379,ET6 - Upper Yampa,15,good,,,
2023,10,1232,ET6 - Upper Yampa,15,good,,,
2023,11,1068,ET6 - Upper Yampa,15,good,,,
2023,12,960,ET6 - Upper Yampa,15,good,,,
2023,13,813,ET6 - Upper Yampa,15,good,,,
2023,14,672,ET6 - Upper Yampa,15,good,,,
2023,15,505,ET6 - Upper Yampa,15,good,,,
2023,1,2472,ET7,15,good,,,
2023,2,2331,ET7,15,good,,,
2023,3,2189,ET7,15,good,,,
2023,4,2074,ET7,15,good,,,
2023,5,1951,ET7,15,good,,,
2023,6,1785,ET7,15,good,,,
2023,7,1661,ET7,15,good,,,
2023,8,1515,ET7,15,good,,,
2023,9,1437,ET7,15,good,,,
2023,10,1322,ET7,15,good,,,
2023,11,1186,ET7,15,good,,,
2023,12,1022,ET7,15,good,,,
2023,13,912,ET7,15,good,,,
2023,14,791,ET7,15,good,,,
2023,15,596,ET7,15,good,,,
2023,1,2585,ET8,15,good,,,
2023,2,2431,ET8,15,good,,,
2023,3,2281,ET8,15,good,,,
2023,4,2126,ET8,15,good,,,
2023,5,1990,ET8,15,good,,,
2023,6,1837,ET8,15,good,,,
2023,7,1664,ET8,15,good,,,
2023,8,1513,ET8,15,good,,,
2023,9,1385,ET8,15,good,,,
2023,10,1226,ET8,15,good,,,
2023,11,1082,ET8,15,good,,,
2023,12,934,ET8,15,good,,,
2023,13,788,ET8,15,good,,,
2023,14,654,ET8,15,good,,,
2023,15,467,ET8,15,good,,,
2023,1,2176,AVRC ST1,12,good,,,
2023,2,1931,AVRC ST1,12,good,,,
2023,3,1744,AVRC ST1,12,good,,,
2023,4,1595,AVRC ST1,12,good,,,
2023,5,1474,AVRC ST1,12,good,,,
2023,6,1331,AVRC ST1,12,good,,,
2023,7,1175,AVRC ST1,12,good,,,
2023,8,1018,AVRC ST1,12,good,,,
2023,9,868,AVRC ST1,12,good,,,
2023,10,764,AVRC ST1,12,good,,,
2023,11,595,AVRC ST1,12,good,,,
2023,12,466,AVRC ST1,12,good,,,
2023,1,2032,AVRC ST2,12,good,,,
2023,2,1896,AVRC ST2,12,good,,,
2023,3,1680,AVRC ST2,12,good,,,
2023,4,1537,AVRC ST2,12,good,,,
2023,5,1421,AVRC ST2,12,good,,,
2023,6,1283,AVRC ST2,12,good,,,
2023,7,1130,AVRC ST2,12,good,,,
2023,8,984,AVRC ST2,12,good,,,
2023,9,838,AVRC ST2,12,good,,,
2023,10,716,AVRC ST2,12,good,,,
2023,11,575,AVRC ST2,12,good,,,
2023,12,463,AVRC ST2,12,good,,,
2023,1,2109,AVRC CT1,12,good,,,
2023,2,1899,AVRC CT1,12,good,,,
2023,3,1721,AVRC CT1,12,good,,,
2023,4,1598,AVRC CT1,12,good,,,
2023,5,1485,AVRC CT1,12,good,,,
2023,6,1299,AVRC CT1,12,good,,,
2023,7,1190,AVRC CT1,12,good,,,
2023,8,1011,AVRC CT1,12,good,,,
2023,9,914,AVRC CT1,12,good,,,
2023,10,746,AVRC CT1,12,good,,,
2023,11,618,AVRC CT1,12,good,,,
2023,12,488,AVRC CT1,12,good,,,
2023,1,1638,AVRC CT2,12,good,,,
2023,2,1411,AVRC CT2,12,good,,,
2023,3,1286,AVRC CT2,12,good,,,
2023,4,1165,AVRC CT2,12,good,,,
2023,5,1054,AVRC CT2,12,good,,,
2023,6,974,AVRC CT2,12,good,,,
2023,7,853,AVRC CT2,12,good,,,
2023,8,756,AVRC CT2,12,good,,,
2023,9,633,AVRC CT2,12,good,,,
2023,10,529,AVRC CT2,12,good,,,
2023,11,423,AVRC CT2,12,good,,,
2023,12,294,AVRC CT2,12,good,,,
2023,1,3105,Up Yampa,18,bad,Unsure why this results in nonlinear (exponential?) relationship instead of expected linear one. Suspect hardware issue. Do not include in master analysis for eTape calibration.,,
2023,2,3259,Up Yampa,18,bad,Unsure why this results in nonlinear (exponential?) relationship instead of expected linear one. Suspect hardware issue. Do not include in master analysis for eTape calibration.,,
2023,3,3576,Up Yampa,18,bad,Unsure why this results in nonlinear (exponential?) relationship instead of expected linear one. Suspect hardware issue. Do not include in master analysis for eTape calibration.,,
2023,4,3776,Up Yampa,18,bad,Unsure why this results in nonlinear (exponential?) relationship instead of expected linear one. Suspect hardware issue. Do not include in master analysis for eTape calibration.,,
2023,5,4060,Up Yampa,18,bad,Unsure why this results in nonlinear (exponential?) relationship instead of expected linear one. Suspect hardware issue. Do not include in master analysis for eTape calibration.,,
2023,6,4312,Up Yampa,18,bad,Unsure why this results in nonlinear (exponential?) relationship instead of expected linear one. Suspect hardware issue. Do not include in master analysis for eTape calibration.,,
2023,7,4714,Up Yampa,18,bad,Unsure why this results in nonlinear (exponential?) relationship instead of expected linear one. Suspect hardware issue. Do not include in master analysis for eTape calibration.,,
2023,8,5013,Up Yampa,18,bad,Unsure why this results in nonlinear (exponential?) relationship instead of expected linear one. Suspect hardware issue. Do not include in master analysis for eTape calibration.,,
2023,9,5501,Up Yampa,18,bad,Unsure why this results in nonlinear (exponential?) relationship instead of expected linear one. Suspect hardware issue. Do not include in master analysis for eTape calibration.,,
2023,10,5947,Up Yampa,18,bad,Unsure why this results in nonlinear (exponential?) relationship instead of expected linear one. Suspect hardware issue. Do not include in master analysis for eTape calibration.,,
2023,11,6612,Up Yampa,18,bad,Unsure why this results in nonlinear (exponential?) relationship instead of expected linear one. Suspect hardware issue. Do not include in master analysis for eTape calibration.,,
2023,12,7254,Up Yampa,18,bad,Unsure why this results in nonlinear (exponential?) relationship instead of expected linear one. Suspect hardware issue. Do not include in master analysis for eTape calibration.,,
2023,13,8364,Up Yampa,18,bad,Unsure why this results in nonlinear (exponential?) relationship instead of expected linear one. Suspect hardware issue. Do not include in master analysis for eTape calibration.,,
2023,14,9472,Up Yampa,18,bad,Unsure why this results in nonlinear (exponential?) relationship instead of expected linear one. Suspect hardware issue. Do not include in master analysis for eTape calibration.,,
2023,15,11007,Up Yampa,18,bad,Unsure why this results in nonlinear (exponential?) relationship instead of expected linear one. Suspect hardware issue. Do not include in master analysis for eTape calibration.,,
2023,16,14015,Up Yampa,18,bad,Unsure why this results in nonlinear (exponential?) relationship instead of expected linear one. Suspect hardware issue. Do not include in master analysis for eTape calibration.,,
2023,17,16624,Up Yampa,18,bad,Unsure why this results in nonlinear (exponential?) relationship instead of expected linear one. Suspect hardware issue. Do not include in master analysis for eTape calibration.,,
2023,18,21088,Up Yampa,18,bad,Unsure why this results in nonlinear (exponential?) relationship instead of expected linear one. Suspect hardware issue. Do not include in master analysis for eTape calibration.,,
2023,1,2452,New ET1,15,bad,,,
2023,2,,New ET1,15,bad,,,
2023,3,,New ET1,15,bad,,,
2023,4,,New ET1,15,bad,,,
2023,5,,New ET1,15,bad,,,
2023,6,,New ET1,15,bad,,,
2023,7,,New ET1,15,bad,,,
2023,8,,New ET1,15,bad,,,
2023,9,,New ET1,15,bad,,,
2023,10,,New ET1,15,bad,,,
2023,11,,New ET1,15,bad,,,
2023,12,,New ET1,15,bad,,,
2023,13,,New ET1,15,bad,,,
2023,14,,New ET1,15,bad,,,
2023,15,,New ET1,15,bad,,,
2023,1,2008,ET9,12,good,,,
2023,2,1762,ET9,12,good,,,
2023,3,1626,ET9,12,good,,,
2023,4,1488,ET9,12,good,,,
2023,5,1374,ET9,12,good,,,
2023,6,1237,ET9,12,good,,,
2023,7,1084,ET9,12,good,,,
2023,8,958,ET9,12,good,,,
2023,9,826,ET9,12,good,,,
2023,10,695,ET9,12,good,,,
2023,11,547,ET9,12,good,,,
2023,12,433,ET9,12,good,,,
2023,1,2414,ET10,15,good,,,
2023,2,2342,ET10,15,good,,,
2023,3,2222,ET10,15,good,,,
2023,4,2111,ET10,15,good,,,
2023,5,1947,ET10,15,good,,,
2023,6,1832,ET10,15,good,,,
2023,7,1681,ET10,15,good,,,
2023,8,1511,ET10,15,good,,,
2023,9,1385,ET10,15,good,,,
2023,10,1262,ET10,15,good,,,
2023,11,1116,ET10,15,good,,,
2023,12,991,ET10,15,good,,,
2023,13,814,ET10,15,good,,,
2023,14,581,ET10,15,good,,,
2023,15,479,ET10,15,good,,,
2023,1,3036,ET11,18,good,,,
2023,2,2877,ET11,18,good,,,
2023,3,2695,ET11,18,good,,,
2023,4,2543,ET11,18,good,,,
2023,5,2336,ET11,18,good,,,
2023,6,2194,ET11,18,good,,,
2023,7,2093,ET11,18,good,,,
2023,8,1914,ET11,18,good,,,
2023,9,1776,ET11,18,good,,,
2023,10,1635,ET11,18,good,,,
2023,11,1467,ET11,18,good,,,
2023,12,1339,ET11,18,good,,,
2023,13,1194,ET11,18,good,,,
2023,14,1025,ET11,18,good,,,
2023,15,892,ET11,18,good,,,
2023,16,767,ET11,18,good,,,
2023,17,610,ET11,18,good,,,
2023,18,468,ET11,18,good,,,
2023,1,2995,ET12,18,good,,,
2023,2,2850,ET12,18,good,,,
2023,3,2711,ET12,18,good,,,
2023,4,2556,ET12,18,good,,,
2023,5,2400,ET12,18,good,,,
2023,6,2212,ET12,18,good,,,
2023,7,2063,ET12,18,good,,,
2023,8,1915,ET12,18,good,,,
2023,9,1757,ET12,18,good,,,
2023,10,1621,ET12,18,good,,,
2023,11,1444,ET12,18,good,,,
2023,12,1315,ET12,18,good,,,
2023,13,1201,ET12,18,good,,,
2023,14,1022,ET12,18,good,,,
2023,15,876,ET12,18,good,,,
2023,16,710,ET12,18,good,,,
2023,17,567,ET12,18,good,,,
2023,18,450,ET12,18,good,,,
2023,1,2872,ET13,18,good,,,
2023,2,2708,ET13,18,good,,,
2023,3,2545,ET13,18,good,,,
2023,4,2338,ET13,18,good,,,
2023,5,2161,ET13,18,good,,,
2023,6,2006,ET13,18,good,,,
2023,7,1848,ET13,18,good,,,
2023,8,1748,ET13,18,good,,,
2023,9,1572,ET13,18,good,,,
2023,10,1415,ET13,18,good,,,
2023,11,1281,ET13,18,good,,,
2023,12,1153,ET13,18,good,,,
2023,13,1025,ET13,18,good,,,
2023,14,854,ET13,18,good,,,
2023,15,730,ET13,18,good,,,
2023,16,610,ET13,18,good,,,
2023,17,459,ET13,18,good,,,
2023,18,361,ET13,18,good,,,
2023,1,2580,ET14,15,good,,,
2023,2,2440,ET14,15,good,,,
2023,3,2304,ET14,15,good,,,
2023,4,2187,ET14,15,good,,,
2023,5,2021,ET14,15,good,,,
2023,6,1918,ET14,15,good,,,
2023,7,1760,ET14,15,good,,,
2023,8,1599,ET14,15,good,,,
2023,9,1443,ET14,15,good,,,
2023,10,1308,ET14,15,good,,,
2023,11,1140,ET14,15,good,,,
2023,12,977,ET14,15,good,,,
2023,13,872,ET14,15,good,,,
2023,14,708,ET14,15,good,,,
2023,15,524,ET14,15,good,,,
2023,1,2022,ET15,12,good,,,
2023,2,1818,ET15,12,good,,,
2023,3,1640,ET15,12,good,,,
2023,4,1505,ET15,12,good,,,
2023,5,1362,ET15,12,good,,,
2023,6,1209,ET15,12,good,,,
2023,7,1099,ET15,12,good,,,
2023,8,967,ET15,12,good,,,
2023,9,824,ET15,12,good,,,
2023,10,674,ET15,12,good,,,
2023,11,570,ET15,12,good,,,
2023,12,436,ET15,12,good,,,
2023,1,1928,ET16,12,good,,,
2023,2,1727,ET16,12,good,,,
2023,3,1554,ET16,12,good,,,
2023,4,1435,ET16,12,good,,,
2023,5,1319,ET16,12,good,,,
2023,6,1195,ET16,12,good,,,
2023,7,1058,ET16,12,good,,,
2023,8,906,ET16,12,good,,,
2023,9,800,ET16,12,good,,,
2023,10,678,ET16,12,good,,,
2023,11,565,ET16,12,good,,,
2023,12,408,ET16,12,good,,,
2024,1,2468,ET17,15,good,,,
2024,2,2347,ET17,15,good,,,
2024,3,2156,ET17,15,good,,,
2024,4,2064,ET17,15,good,,,
2024,5,1905,ET17,15,good,,,
2024,6,1756,ET17,15,good,,,
2024,7,1620,ET17,15,good,,,
2024,8,1477,ET17,15,good,,,
2024,9,1325,ET17,15,good,,,
2024,10,1240,ET17,15,good,,,
2024,11,1067,ET17,15,good,,,
2024,12,940,ET17,15,good,,,
2024,13,844,ET17,15,good,,,
2024,14,672,ET17,15,good,,,
2024,15,488,ET17,15,good,,,
2024,1,2528,ET18,15,good,,,
2024,2,2410,ET18,15,good,,,
2024,3,2240,ET18,15,good,,,
2024,4,2115,ET18,15,good,,,
2024,5,1986,ET18,15,good,,,
2024,6,1854,ET18,15,good,,,
2024,7,1678,ET18,15,good,,,
2024,8,1514,ET18,15,good,,,
2024,9,1401,ET18,15,good,,,
2024,10,1240,ET18,15,good,,,
2024,11,1131,ET18,15,good,,,
2024,12,965,ET18,15,good,,,
2024,13,818,ET18,15,good,,,
2024,14,625,ET18,15,good,,,
2024,15,467,ET18,15,good,,,
2024,1,2424,ET10,15,good,,,
2024,2,2322,ET10,15,good,,,
2024,3,2215,ET10,15,good,,,
2024,4,2117,ET10,15,good,,,
2024,5,1954,ET10,15,good,,,
2024,6,1820,ET10,15,good,,,
2024,7,1685,ET10,15,good,,,
2024,8,1506,ET10,15,good,,,
2024,9,1389,ET10,15,good,,,
2024,10,1265,ET10,15,good,,,
2024,11,1125,ET10,15,good,,,
2024,12,996,ET10,15,good,,,
2024,13,868,ET10,15,good,,,
2024,14,684,ET10,15,good,,,
2024,15,475,ET10,15,good,,,
2024,1,2486,ET19,15,good,,,
2024,2,2355,ET19,15,good,,,
2024,3,2187,ET19,15,good,,,
2024,4,2050,ET19,15,good,,,
2024,5,1900,ET19,15,good,,,
2024,6,1772,ET19,15,good,,,
2024,7,1654,ET19,15,good,,,
2024,8,1525,ET19,15,good,,,
2024,9,1345,ET19,15,good,,,
2024,10,1182,ET19,15,good,,,
2024,11,1097,ET19,15,good,,,
2024,12,941,ET19,15,good,,,
2024,13,788,ET19,15,good,,,
2024,14,687,ET19,15,good,,,
2024,15,490,ET19,15,good,,,
2024,1,2563,ET14,15,good,,,
2024,2,2424,ET14,15,good,,,
2024,3,2277,ET14,15,good,,,
2024,4,2170,ET14,15,good,,,
2024,5,2011,ET14,15,good,,,
2024,6,1870,ET14,15,good,,,
2024,7,1754,ET14,15,good,,,
2024,8,1613,ET14,15,good,,,
2024,9,1445,ET14,15,good,,,
2024,10,1318,ET14,15,good,,,
2024,11,1175,ET14,15,good,,,
2024,12,1030,ET14,15,good,,,
2024,13,882,ET14,15,good,,,
2024,14,737,ET14,15,good,,,
2024,15,530,ET14,15,good,,,
2024,1,2563,ET3,15,good,,,
2024,2,2417,ET3,15,good,,,
2024,3,2290,ET3,15,good,,,
2024,4,2151,ET3,15,good,,,
2024,5,2054,ET3,15,good,,,
2024,6,1878,ET3,15,good,,,
2024,7,1704,ET3,15,good,,,
2024,8,1568,ET3,15,good,,,
2024,9,1374,ET3,15,good,,,
2024,10,1263,ET3,15,good,,,
2024,11,1145,ET3,15,good,,,
2024,12,986,ET3,15,good,,,
2024,13,836,ET3,15,good,,,
2024,14,685,ET3,15,good,,,
2024,15,561,ET3,15,good,,,
2024,1,2433,ET6,15,good,,,
2024,2,2304,ET6,15,good,,,
2024,3,2157,ET6,15,good,,,
2024,4,2045,ET6,15,good,,,
2024,5,1927,ET6,15,good,,,
2024,6,1797,ET6,15,good,,,
2024,7,1624,ET6,15,good,,,
2024,8,1487,ET6,15,good,,,
2024,9,1354,ET6,15,good,,,
2024,10,1215,ET6,15,good,,,
2024,11,1084,ET6,15,good,,,
2024,12,950,ET6,15,good,,,
2024,13,815,ET6,15,good,,,
2024,14,661,ET6,15,good,,,
2024,15,527,ET6,15,good,,,
2024,1,2528,ET8,15,good,,,
2024,2,2405,ET8,15,good,,,
2024,3,2257,ET8,15,good,,,
2024,4,2090,ET8,15,good,,,
2024,5,1943,ET8,15,good,,,
2024,6,1825,ET8,15,good,,,
2024,7,1670,ET8,15,good,,,
2024,8,1530,ET8,15,good,,,
2024,9,1385,ET8,15,good,,,
2024,10,1218,ET8,15,good,,,
2024,11,1069,ET8,15,good,,,
2024,12,946,ET8,15,good,,,
2024,13,801,ET8,15,good,,,
2024,14,664,ET8,15,good,,,
2024,15,492,ET8,15,good,,,
2024,1,2535,CT2,15,good,,,
2024,2,2419,CT2,15,good,,,
2024,3,2290,CT2,15,good,,,
2024,4,2157,CT2,15,good,,,
2024,5,2031,CT2,15,good,,,
2024,6,1837,CT2,15,good,,,
2024,7,1681,CT2,15,good,,,
2024,8,1538,CT2,15,good,,,
2024,9,1369,CT2,15,good,,,
2024,10,1209,CT2,15,good,,,
2024,11,1106,CT2,15,good,,,
2024,12,941,CT2,15,good,,,
2024,13,820,CT2,15,good,,,
2024,14,692,CT2,15,good,,,
2024,15,505,CT2,15,good,,,
2024,1,5809,ET1,15,bad,broken etape,,
2024,2,5703,ET1,15,bad,broken etape,,
2024,3,5605,ET1,15,bad,broken etape,,
2024,4,5454,ET1,15,bad,broken etape,,
2024,5,5338,ET1,15,bad,broken etape,,
2024,6,5220,ET1,15,bad,broken etape,,
2024,7,5122,ET1,15,bad,broken etape,,
2024,8,5005,ET1,15,bad,broken etape,,
2024,9,4859,ET1,15,bad,broken etape,,
2024,10,4740,ET1,15,bad,broken etape,,
2024,11,4636,ET1,15,bad,broken etape,,
2024,12,4516,ET1,15,bad,broken etape,,
2024,13,4318,ET1,15,bad,broken etape,,
2024,14,4226,ET1,15,bad,broken etape,,
2024,15,4100,ET1,15,bad,broken etape,,
2024,1,2631,ET2,15,good,,,
2024,2,2525,ET2,15,good,,,
2024,3,2400,ET2,15,good,,,
2024,4,2250,ET2,15,good,,,
2024,5,2120,ET2,15,good,,,
2024,6,2000,ET2,15,good,,,
2024,7,1839,ET2,15,good,,,
2024,8,1723,ET2,15,good,,,
2024,9,1575,ET2,15,good,,,
2024,10,1468,ET2,15,good,,,
2024,11,1280,ET2,15,good,,,
2024,12,1234,ET2,15,good,,,
2024,13,1054,ET2,15,good,,,
2024,14,584,ET2,15,good,,,
2024,15,441,ET2,15,good,,,
2024,1,2852,ET13,18,good,,,
2024,2,2674,ET13,18,good,,,
2024,3,2526,ET13,18,good,,,
2024,4,2334,ET13,18,good,,,
2024,5,2194,ET13,18,good,,,
2024,6,2020,ET13,18,good,,,
2024,7,1896,ET13,18,good,,,
2024,8,1739,ET13,18,good,,,
2024,9,1575,ET13,18,good,,,
2024,10,1447,ET13,18,good,,,
2024,11,1315,ET13,18,good,,,
2024,12,1162,ET13,18,good,,,
2024,13,1028,ET13,18,good,,,
2024,14,863,ET13,18,good,,,
2024,15,722,ET13,18,good,,,
2024,16,597,ET13,18,good,,,
2024,17,460,ET13,18,good,,,
2024,18,358,ET13,18,good,,,
2024,1,2978,ET12,18,good,,,
2024,2,2845,ET12,18,good,,,
2024,3,2707,ET12,18,good,,,
2024,4,2541,ET12,18,good,,,
2024,5,2416,ET12,18,good,,,
2024,6,2216,ET12,18,good,,,
2024,7,2068,ET12,18,good,,,
2024,8,1914,ET12,18,good,,,
2024,9,1787,ET12,18,good,,,
2024,10,1630,ET12,18,good,,,
2024,11,1447,ET12,18,good,,,
2024,12,1325,ET12,18,good,,,
2024,13,1204,ET12,18,good,,,
2024,14,1034,ET12,18,good,,,
2024,15,888,ET12,18,good,,,
2024,16,714,ET12,18,good,,,
2024,17,603,ET12,18,good,,,
2024,18,467,ET12,18,good,,,
2024,1,3013,ET11,18,good,,,
2024,2,2855,ET11,18,good,,,
2024,3,2684,ET11,18,good,,,
2024,4,2528,ET11,18,good,,,
2024,5,2352,ET11,18,good,,,
2024,6,2205,ET11,18,good,,,
2024,7,2189,ET11,18,good,,,
2024,8,1906,ET11,18,good,,,
2024,9,1780,ET11,18,good,,,
2024,10,1641,ET11,18,good,,,
2024,11,1500,ET11,18,good,,,
2024,12,1333,ET11,18,good,,,
2024,13,1195,ET11,18,good,,,
2024,14,1038,ET11,18,good,,,
2024,15,895,ET11,18,good,,,
2024,16,779,ET11,18,good,,,
2024,17,641,ET11,18,good,,,
2024,18,467,ET11,18,good,,,
2024,1,2923,MT2,18,good,,,
2024,2,2764,MT2,18,good,,,
2024,3,2601,MT2,18,good,,,
2024,4,2443,MT2,18,good,,,
2024,5,2310,MT2,18,good,,,
2024,6,2140,MT2,18,good,,,
2024,7,1995,MT2,18,good,,,
2024,8,1840,MT2,18,good,,,
2024,9,1726,MT2,18,good,,,
2024,10,1585,MT2,18,good,,,
2024,11,1459,MT2,18,good,,,
2024,12,1309,MT2,18,good,,,
2024,13,1179,MT2,18,good,,,
2024,14,1027,MT2,18,good,,,
2024,15,857,MT2,18,good,,,
2024,16,762,MT2,18,good,,,
2024,17,586,MT2,18,good,,,
2024,18,471,MT2,18,good,,,
2024,1,466,ET4,18,bad,"Broken (Incorrect Readings); Jumping all over from 222,374-345",,
2024,2,935,ET4,18,bad,"Broken (Incorrect Readings); Jumping all over from 222,374-346",,
2024,3,542,ET4,18,bad,"Broken (Incorrect Readings); Jumping all over from 222,374-347",,
2024,4,869,ET4,18,bad,"Broken (Incorrect Readings); Jumping all over from 222,374-348",,
2024,5,926,ET4,18,bad,"Broken (Incorrect Readings); Jumping all over from 222,374-349",,
2024,6,711,ET4,18,bad,"Broken (Incorrect Readings); Jumping all over from 222,374-350",,
2024,7,0,ET4,18,bad,"Broken (Incorrect Readings); Jumping all over from 222,374-351",,
2024,8,0,ET4,18,bad,"Broken (Incorrect Readings); Jumping all over from 222,374-352",,
2024,9,0,ET4,18,bad,"Broken (Incorrect Readings); Jumping all over from 222,374-353",,
2024,10,0,ET4,18,bad,"Broken (Incorrect Readings); Jumping all over from 222,374-354",,
2024,11,0,ET4,18,bad,"Broken (Incorrect Readings); Jumping all over from 222,374-355",,
2024,12,0,ET4,18,bad,"Broken (Incorrect Readings); Jumping all over from 222,374-356",,
2024,13,0,ET4,18,bad,"Broken (Incorrect Readings); Jumping all over from 222,374-357",,
2024,14,0,ET4,18,bad,"Broken (Incorrect Readings); Jumping all over from 222,374-358",,
2024,15,0,ET4,18,bad,"Broken (Incorrect Readings); Jumping all over from 222,374-359",,
2024,16,0,ET4,18,bad,"Broken (Incorrect Readings); Jumping all over from 222,374-360",,
2024,17,0,ET4,18,bad,"Broken (Incorrect Readings); Jumping all over from 222,374-361",,
2024,18,0,ET4,18,bad,"Broken (Incorrect Readings); Jumping all over from 222,374-362",,
2024,1,1911,ET16,12,good,,,
2024,2,1714,ET16,12,good,,,
2024,3,1574,ET16,12,good,,,
2024,4,1444,ET16,12,good,,,
2024,5,1318,ET16,12,good,,,
2024,6,1204,ET16,12,good,,,
2024,7,1055,ET16,12,good,,,
2024,8,958,ET16,12,good,,,
2024,9,800,ET16,12,good,,,
2024,10,690,ET16,12,good,,,
2024,11,572,ET16,12,good,,,
2024,12,434,ET16,12,good,,,
2024,1,2016,ET15,12,good,,,
2024,2,1809,ET15,12,good,,,
2024,3,1643,ET15,12,good,,,
2024,4,1512,ET15,12,good,,,
2024,5,1355,ET15,12,good,,,
2024,6,1223,ET15,12,good,,,
2024,7,1116,ET15,12,good,,,
2024,8,980,ET15,12,good,,,
2024,9,825,ET15,12,good,,,
2024,10,684,ET15,12,good,,,
2024,11,584,ET15,12,good,,,
2024,12,448,ET15,12,good,,,
2024,1,1993,ET9,12,good,,,
2024,2,1762,ET9,12,good,,,
2024,3,1650,ET9,12,good,,,
2024,4,1494,ET9,12,good,,,
2024,5,1387,ET9,12,good,,,
2024,6,1220,ET9,12,good,,,
2024,7,1082,ET9,12,good,,,
2024,8,981,ET9,12,good,,,
2024,9,840,ET9,12,good,,,
2024,10,699,ET9,12,good,,,
2024,11,552,ET9,12,good,,,
2024,12,435,ET9,12,good,,,
2024,1,2172,AVRC ST1,12,good,,,
2024,2,1968,AVRC ST1,12,good,,,
2024,3,1796,AVRC ST1,12,good,,,
2024,4,1670,AVRC ST1,12,good,,,
2024,5,1526,AVRC ST1,12,good,,,
2024,6,1374,AVRC ST1,12,good,,,
2024,7,1244,AVRC ST1,12,good,,,
2024,8,1103,AVRC ST1,12,good,,,
2024,9,940,AVRC ST1,12,good,,,
2024,10,817,AVRC ST1,12,good,,,
2024,11,676,AVRC ST1,12,good,,,
2024,12,513,AVRC ST1,12,good,,,
2024,1,1987,AVRC ST2,12,good,,,
2024,2,1830,AVRC ST2,12,good,,,
2024,3,1664,AVRC ST2,12,good,,,
2024,4,1518,AVRC ST2,12,good,,,
2024,5,1405,AVRC ST2,12,good,,,
2024,6,1265,AVRC ST2,12,good,,,
2024,7,1145,AVRC ST2,12,good,,,
2024,8,989,AVRC ST2,12,good,,,
2024,9,824,AVRC ST2,12,good,,,
2024,10,688,AVRC ST2,12,good,,,
2024,11,581,AVRC ST2,12,good,,,
2024,12,446,AVRC ST2,12,good,,,
2024,1,1615,AVRC CT2,12,good,,,
2024,2,1470,AVRC CT2,12,good,,,
2024,3,1287,AVRC CT2,12,good,,,
2024,4,1169,AVRC CT2,12,good,,,
2024,5,1066,AVRC CT2,12,good,,,
2024,6,980,AVRC CT2,12,good,,,
2024,7,862,AVRC CT2,12,good,,,
2024,8,770,AVRC CT2,12,good,,,
2024,9,625,AVRC CT2,12,good,,,
2024,10,542,AVRC CT2,12,good,,,
2024,11,439,AVRC CT2,12,good,,,
2024,12,325,AVRC CT2,12,good,,,
2024,1,2429,AVRC CT1,12,good,,,
2024,2,2250,AVRC CT1,12,good,,,
2024,3,2121,AVRC CT1,12,good,,,
2024,4,1981,AVRC CT1,12,good,,,
2024,5,1841,AVRC CT1,12,good,,,
2024,6,1712,AVRC CT1,12,good,,,
2024,7,1652,AVRC CT1,12,good,,,
2024,8,1554,AVRC CT1,12,good,,,
2024,9,1256,AVRC CT1,12,good,,,
2024,10,1108,AVRC CT1,12,good,,,
2024,11,991,AVRC CT1,12,good,,,
2024,12,852,AVRC CT1,12,good,,,
2024,1,1916,ET20,12,good,,,
2024,2,1711,ET20,12,good,,,
2024,3,1577,ET20,12,good,,,
2024,4,1461,ET20,12,good,,,
2024,5,1322,ET20,12,good,,,
2024,6,1178,ET20,12,good,,,
2024,7,1077,ET20,12,good,,,
2024,8,950,ET20,12,good,,,
2024,9,810,ET20,12,good,,,
2024,10,680,ET20,12,good,,,
2024,11,537,ET20,12,good,,,
2024,12,400,ET20,12,good,,,
2024,1,2088,ET21,12,good,,,
2024,2,1821,ET21,12,good,,,
2024,3,1664,ET21,12,good,,,
2024,4,1527,ET21,12,good,,,
2024,5,1360,ET21,12,good,,,
2024,6,1229,ET21,12,good,,,
2024,7,1102,ET21,12,good,,,
2024,8,967,ET21,12,good,,,
2024,9,794,ET21,12,good,,,
2024,10,699,ET21,12,good,,,
2024,11,541,ET21,12,good,,,
2024,12,426,ET21,12,good,,,
2024,1,1937,ET22,12,good,,,
2024,2,1782,ET22,12,good,,,
2024,3,1615,ET22,12,good,,,
2024,4,1463,ET22,12,good,,,
2024,5,1337,ET22,12,good,,,
2024,6,1204,ET22,12,good,,,
2024,7,1053,ET22,12,good,,,
2024,8,987,ET22,12,good,,,
2024,9,820,ET22,12,good,,,
2024,10,655,ET22,12,good,,,
2024,11,545,ET22,12,good,,,
2024,12,395,ET22,12,good,,,
2024,1,2062,ET23,12,good,,,
2024,2,1877,ET23,12,good,,,
2024,3,1695,ET23,12,good,,,
2024,4,1536,ET23,12,good,,,
2024,5,1416,ET23,12,good,,,
2024,6,1277,ET23,12,good,,,
2024,7,1143,ET23,12,good,,,
2024,8,1006,ET23,12,good,,,
2024,9,825,ET23,12,good,,,
2024,10,722,ET23,12,good,,,
2024,11,598,ET23,12,good,,,
2024,12,455,ET23,12,good,,,
2024,1,2006,ET24,12,good,,,
2024,2,1818,ET24,12,good,,,
2024,3,1652,ET24,12,good,,,
2024,4,1525,ET24,12,good,,,
2024,5,1375,ET24,12,good,,,
2024,6,1270,ET24,12,good,,,
2024,7,1127,ET24,12,good,,,
2024,8,995,ET24,12,good,,,
2024,9,843,ET24,12,good,,,
2024,10,722,ET24,12,good,,,
2024,11,594,ET24,12,good,,,
2024,12,438,ET24,12,good,,,
2024,1,1924,ET25,12,good,,,
2024,2,1784,ET25,12,good,,,
2024,3,1601,ET25,12,good,,,
2024,4,1474,ET25,12,good,,,
2024,5,1352,ET25,12,good,,,
2024,6,1235,ET25,12,good,,,
2024,7,1087,ET25,12,good,,,
2024,8,947,ET25,12,good,,,
2024,9,834,ET25,12,good,,,
2024,10,687,ET25,12,good,,,
2024,11,560,ET25,12,good,,,
2024,12,447,ET25,12,good,,,
2024,1,2000,ET26,12,good,,,
2024,2,1821,ET26,12,good,,,
2024,3,1640,ET26,12,good,,,
2024,4,1522,ET26,12,good,,,
2024,5,1389,ET26,12,good,,,
2024,6,1246,ET26,12,good,,,
2024,7,1104,ET26,12,good,,,
2024,8,955,ET26,12,good,,,
2024,9,829,ET26,12,good,,,
2024,10,692,ET26,12,good,,,
2024,11,564,ET26,12,good,,,
2024,12,442,ET26,12,good,,,
2024,1,2030,ET27,12,good,,,
2024,2,1811,ET27,12,good,,,
2024,3,1640,ET27,12,good,,,
2024,4,1491,ET27,12,good,,,
2024,5,1371,ET27,12,good,,,
2024,6,1235,ET27,12,good,,,
2024,7,1106,ET27,12,good,,,
2024,8,964,ET27,12,good,,,
2024,9,845,ET27,12,good,,,
2024,10,696,ET27,12,good,,,
2024,11,577,ET27,12,good,,,
2024,12,452,ET27,12,good,,,
2024,1,2018,ET28,12,good,,,
2024,2,1866,ET28,12,good,,,
2024,3,1689,ET28,12,good,,,
2024,4,1548,ET28,12,good,,,
2024,5,1416,ET28,12,good,,,
2024,6,1273,ET28,12,good,,,
2024,7,1127,ET28,12,good,,,
2024,8,996,ET28,12,good,,,
2024,9,858,ET28,12,good,,,
2024,10,716,ET28,12,good,,,
2024,11,581,ET28,12,good,,,
2024,12,475,ET28,12,good,,,
2024,1,2010,ET29,12,good,,,
2024,2,1816,ET29,12,good,,,
2024,3,1635,ET29,12,good,,,
2024,4,1525,ET29,12,good,,,
2024,5,1385,ET29,12,good,,,
2024,6,1235,ET29,12,good,,,
2024,7,1117,ET29,12,good,,,
2024,8,956,ET29,12,good,,,
2024,9,842,ET29,12,good,,,
2024,10,687,ET29,12,good,,,
2024,11,577,ET29,12,good,,,
2024,12,422,ET29,12,good,,,
2024,1,2926,ET30,18,good,,,
2024,2,2770,ET30,18,good,,,
2024,3,2609,ET30,18,good,,,
2024,4,2428,ET30,18,good,,,
2024,5,2295,ET30,18,good,,,
2024,6,2145,ET30,18,good,,,
2024,7,1987,ET30,18,good,,,
2024,8,1849,ET30,18,good,,,
2024,9,1734,ET30,18,good,,,
2024,10,1543,ET30,18,good,,,
2024,11,1457,ET30,18,good,,,
2024,12,1287,ET30,18,good,,,
2024,13,1116,ET30,18,good,,,
2024,14,1019,ET30,18,good,,,
2024,15,846,ET30,18,good,,,
2024,16,682,ET30,18,good,,,
2024,17,567,ET30,18,good,,,
2024,18,405,ET30,18,good,,,
2024,1,2926,ET31,18,good,,,
2024,2,2792,ET31,18,good,,,
2024,3,2632,ET31,18,good,,,
2024,4,2469,ET31,18,good,,,
2024,5,2310,ET31,18,good,,,
2024,6,2157,ET31,18,good,,,
2024,7,2023,ET31,18,good,,,
2024,8,1900,ET31,18,good,,,
2024,9,1735,ET31,18,good,,,
2024,10,1590,ET31,18,good,,,
2024,11,1455,ET31,18,good,,,
2024,12,1309,ET31,18,good,,,
2024,13,1151,ET31,18,good,,,
2024,14,1016,ET31,18,good,,,
2024,15,885,ET31,18,good,,,
2024,16,735,ET31,18,good,,,
2024,17,551,ET31,18,good,,,
2024,18,456,ET31,18,good,,,
2024,1,3951,ET32,24,good,,,
2024,2,3852,ET32,24,good,,,
2024,3,3693,ET32,24,good,,,
2024,4,3579,ET32,24,good,,,
2024,5,3448,ET32,24,good,,,
2024,6,3294,ET32,24,good,,,
2024,7,3165,ET32,24,good,,,
2024,8,3014,ET32,24,good,,,
2024,9,2862,ET32,24,good,,,
2024,10,2721,ET32,24,good,,,
2024,11,2518,ET32,24,good,,,
2024,12,2423,ET32,24,good,,,
2024,13,2263,ET32,24,good,,,
2024,14,2039,ET32,24,good,,,
2024,15,1962,ET32,24,good,,,
2024,16,1729,ET32,24,good,,,
2024,17,1571,ET32,24,good,,,
2024,18,1411,ET32,24,good,,,
2024,19,1332,ET32,24,good,,,
2024,20,1115,ET32,24,good,,,
2024,21,966,ET32,24,good,,,
2024,22,816,ET32,24,good,,,
2024,23,646,ET32,24,good,,,
2024,24,476,ET32,24,good,,,
2025,1,2412,ET29,12,good,,,
2025,2,2265,ET29,12,good,,,
2025,3,2165,ET29,12,good,,,
2025,4,2044,ET29,12,good,,,
2025,5,1941,ET29,12,good,,,
2025,6,1863,ET29,12,good,,,
2025,7,1761,ET29,12,good,,,
2025,8,1687,ET29,12,good,,,
2025,9,1592,ET29,12,good,,,
2025,10,1463,ET29,12,good,,,
2025,11,1406,ET29,12,good,,,
2025,12,1317,ET29,12,good,,,
2025,1,1914,ET31 - Fruita A,12,good,,,
2025,2,1746,ET31 - Fruita A,12,good,,,
2025,3,1579,ET31 - Fruita A,12,good,,,
2025,4,1427,ET31 - Fruita A,12,good,,,
2025,5,1317,ET31 - Fruita A,12,good,,,
2025,6,1191,ET31 - Fruita A,12,good,,,
2025,7,1048,ET31 - Fruita A,12,good,,,
2025,8,929,ET31 - Fruita A,12,good,,,
2025,9,773,ET31 - Fruita A,12,good,,,
2025,10,669,ET31 - Fruita A,12,good,,,
2025,11,530,ET31 - Fruita A,12,good,,,
2025,12,415,ET31 - Fruita A,12,good,,,
2025,1,2335,ET27 - AVRC ST1,12,good,,,
2025,2,2165,ET27 - AVRC ST1,12,good,,,
2025,3,2014,ET27 - AVRC ST1,12,good,,,
2025,4,1902,ET27 - AVRC ST1,12,good,,,
2025,5,1786,ET27 - AVRC ST1,12,good,,,
2025,6,1682,ET27 - AVRC ST1,12,good,,,
2025,7,1577,ET27 - AVRC ST1,12,good,,,
2025,8,1458,ET27 - AVRC ST1,12,good,,,
2025,9,1368,ET27 - AVRC ST1,12,good,,,
2025,10,1260,ET27 - AVRC ST1,12,good,,,
2025,11,1140,ET27 - AVRC ST1,12,good,,,
2025,12,1012,ET27 - AVRC ST1,12,good,,,
2025,1,1924,ET25 - MT2,12,good,,,
2025,2,1791,ET25 - MT2,12,good,,,
2025,3,1606,ET25 - MT2,12,good,,,
2025,4,1470,ET25 - MT2,12,good,,,
2025,5,1387,ET25 - MT2,12,good,,,
2025,6,1219,ET25 - MT2,12,good,,,
2025,7,1074,ET25 - MT2,12,good,,,
2025,8,963,ET25 - MT2,12,good,,,
2025,9,863,ET25 - MT2,12,good,,,
2025,10,725,ET25 - MT2,12,good,,,
2025,11,547,ET25 - MT2,12,good,,,
2025,12,456,ET25 - MT2,12,good,,,
2025,1,2076,ET21 - CT2,12,good,,,
2025,2,1843,ET21 - CT2,12,good,,,
2025,3,1669,ET21 - CT2,12,good,,,
2025,4,1507,ET21 - CT2,12,good,,,
2025,5,1368,ET21 - CT2,12,good,,,
2025,6,1215,ET21 - CT2,12,good,,,
2025,7,1102,ET21 - CT2,12,good,,,
2025,8,968,ET21 - CT2,12,good,,,
2025,9,792,ET21 - CT2,12,good,,,
2025,10,692,ET21 - CT2,12,good,,,
2025,11,598,ET21 - CT2,12,good,,,
2025,12,426,ET21 - CT2,12,good,,,
2025,1,1995,ET24 - MT1,12,good,,,
2025,2,1803,ET24 - MT1,12,good,,,
2025,3,1656,ET24 - MT1,12,good,,,
2025,4,1505,ET24 - MT1,12,good,,,
2025,5,1371,ET24 - MT1,12,good,,,
2025,6,1244,ET24 - MT1,12,good,,,
2025,7,1128,ET24 - MT1,12,good,,,
2025,8,974,ET24 - MT1,12,good,,,
2025,9,827,ET24 - MT1,12,good,,,
2025,10,695,ET24 - MT1,12,good,,,
2025,11,578,ET24 - MT1,12,good,,,
2025,12,422,ET24 - MT1,12,good,,,
2025,1,1931,ET22 - ST1,12,good,,,
2025,2,1812,ET22 - ST1,12,good,,,
2025,3,1662,ET22 - ST1,12,good,,,
2025,4,1468,ET22 - ST1,12,good,,,
2025,5,1326,ET22 - ST1,12,good,,,
2025,6,1200,ET22 - ST1,12,good,,,
2025,7,1067,ET22 - ST1,12,good,,,
2025,8,974,ET22 - ST1,12,good,,,
2025,9,802,ET22 - ST1,12,good,,,
2025,10,675,ET22 - ST1,12,good,,,
2025,11,556,ET22 - ST1,12,good,,,
2025,12,423,ET22 - ST1,12,good,,,
2025,1,2058,ET23 - ST2,12,good,,,
2025,2,1846,ET23 - ST2,12,good,,,
2025,3,1674,ET23 - ST2,12,good,,,
2025,4,1536,ET23 - ST2,12,good,,,
2025,5,1396,ET23 - ST2,12,good,,,
2025,6,1261,ET23 - ST2,12,good,,,
2025,7,1128,ET23 - ST2,12,good,,,
2025,8,1000,ET23 - ST2,12,good,,,
2025,9,821,ET23 - ST2,12,good,,,
2025,10,737,ET23 - ST2,12,good,,,
2025,11,600,ET23 - ST2,12,good,,,
2025,12,463,ET23 - ST2,12,good,,,
2025,1,2187,ET28 - AVRC ST2,12,good,,,
2025,2,2026,ET28 - AVRC ST2,12,good,,,
2025,3,1866,ET28 - AVRC ST2,12,good,,,
2025,4,1738,ET28 - AVRC ST2,12,good,,,
2025,5,1593,ET28 - AVRC ST2,12,good,,,
2025,6,1449,ET28 - AVRC ST2,12,good,,,
2025,7,1329,ET28 - AVRC ST2,12,good,,,
2025,8,1192,ET28 - AVRC ST2,12,good,,,
2025,9,1065,ET28 - AVRC ST2,12,good,,,
2025,10,935,ET28 - AVRC ST2,12,good,,,
2025,11,814,ET28 - AVRC ST2,12,good,,,
2025,12,704,ET28 - AVRC ST2,12,good,,,
2025,1,2914,ET30 - 2200 IN,18,good,,,
2025,2,2786,ET30 - 2200 IN,18,good,,,
2025,3,2596,ET30 - 2200 IN,18,good,,,
2025,4,2416,ET30 - 2200 IN,18,good,,,
2025,5,2258,ET30 - 2200 IN,18,good,,,
2025,6,2123,ET30 - 2200 IN,18,good,,,
2025,7,1945,ET30 - 2200 IN,18,good,,,
2025,8,1823,ET30 - 2200 IN,18,good,,,
2025,9,1703,ET30 - 2200 IN,18,good,,,
2025,10,1538,ET30 - 2200 IN,18,good,,,
2025,11,1420,ET30 - 2200 IN,18,good,,,
2025,12,1269,ET30 - 2200 IN,18,good,,,
2025,13,1111,ET30 - 2200 IN,18,good,,,
2025,14,988,ET30 - 2200 IN,18,good,,,
2025,15,835,ET30 - 2200 IN,18,good,,,
2025,16,686,ET30 - 2200 IN,18,good,,,
2025,17,562,ET30 - 2200 IN,18,good,,,
2025,18,412,ET30 - 2200 IN,18,good,,,
2025,1,2058,ET32,12,good,,,
2025,2,1819,ET32,12,good,,,
2025,3,1614,ET32,12,good,,,
2025,4,1488,ET32,12,good,,,
2025,5,1359,ET32,12,good,,,
2025,6,1214,ET32,12,good,,,
2025,7,1075,ET32,12,good,,,
2025,8,931,ET32,12,good,,,
2025,9,796,ET32,12,good,,,
2025,10,668,ET32,12,good,,,
2025,11,516,ET32,12,good,,,
2025,12,398,ET32,12,good,,,
2025,1,1960,ET33,12,good,,,
2025,2,1784,ET33,12,good,,,
2025,3,1611,ET33,12,good,,,
2025,4,1483,ET33,12,good,,,
2025,5,1360,ET33,12,good,,,
2025,6,1200,ET33,12,good,,,
2025,7,1085,ET33,12,good,,,
2025,8,941,ET33,12,good,,,
2025,9,814,ET33,12,good,,,
2025,10,667,ET33,12,good,,,
2025,11,534,ET33,12,good,,,
2025,12,415,ET33,12,good,,,
2025,1,1983,ET34,12,good,,,
2025,2,1770,ET34,12,good,,,
2025,3,1630,ET34,12,good,,,
2025,4,1483,ET34,12,good,,,
2025,5,1342,ET34,12,good,,,
2025,6,1205,ET34,12,good,,,
2025,7,1122,ET34,12,good,,,
2025,8,969,ET34,12,good,,,
2025,9,844,ET34,12,good,,,
2025,10,702,ET34,12,good,,,
2025,11,555,ET34,12,good,,,
2025,12,433,ET34,12,good,,,
2025,1,1956,ET24 - MT1,12,good,,,
2025,2,1767,ET24 - MT1,12,good,,,
2025,3,1638,ET24 - MT1,12,good,,,
2025,4,1483,ET24 - MT1,12,good,,,
2025,5,1366,ET24 - MT1,12,good,,,
2025,6,1231,ET24 - MT1,12,good,,,
2025,7,1098,ET24 - MT1,12,good,,,
2025,8,968,ET24 - MT1,12,good,,,
2025,9,839,ET24 - MT1,12,good,,,
2025,10,697,ET24 - MT1,12,good,,,
2025,11,581,ET24 - MT1,12,good,,,
2025,12,414,ET24 - MT1,12,good,,,
2025,1,2954,ET35,18,good,,,
2025,2,2822,ET35,18,good,,,
2025,3,2665,ET35,18,good,,,
2025,4,2501,ET35,18,good,,,
2025,5,2355,ET35,18,good,,,
2025,6,2196,ET35,18,good,,,
2025,7,2055,ET35,18,good,,,
2025,8,1919,ET35,18,good,,,
2025,9,1752,ET35,18,good,,,
2025,10,1628,ET35,18,good,,,
2025,11,1483,ET35,18,good,,,
2025,12,1325,ET35,18,good,,,
2025,13,1194,ET35,18,good,,,
2025,14,1051,ET35,18,good,,,
2025,15,913,ET35,18,good,,,
2025,16,781,ET35,18,good,,,
2025,17,602,ET35,18,good,,,
2025,18,472,ET35,18,good,,,
2025,1,2934,ET36,18,good,,,
2025,2,2759,ET36,18,good,,,
2025,3,2556,ET36,18,good,,,
2025,4,2455,ET36,18,good,,,
2025,5,2234,ET36,18,good,,,
2025,6,2084,ET36,18,good,,,
2025,7,1939,ET36,18,good,,,
2025,8,1783,ET36,18,good,,,
2025,9,1611,ET36,18,good,,,
2025,10,1473,ET36,18,good,,,
2025,11,1324,ET36,18,good,,,
2025,12,1185,ET36,18,good,,,
2025,13,1067,ET36,18,good,,,
2025,14,912,ET36,18,good,,,
2025,15,792,ET36,18,good,,,
2025,16,629,ET36,18,good,,,
2025,17,522,ET36,18,good,,,
2025,18,379,ET36,18,good,,,
2025,1,2872,ET38,18,good,,,
2025,2,2724,ET38,18,good,,,
2025,3,2584,ET38,18,good,,,
2025,4,2400,ET38,18,good,,,
2025,5,2247,ET38,18,good,,,
2025,6,2070,ET38,18,good,,,
2025,7,1917,ET38,18,good,,,
2025,8,1825,ET38,18,good,,,
2025,9,1667,ET38,18,good,,,
2025,10,1541,ET38,18,good,,,
2025,11,1381,ET38,18,good,,,
2025,12,1249,ET38,18,good,,,
2025,13,1089,ET38,18,good,,,
2025,14,977,ET38,18,good,,,
2025,15,840,ET38,18,good,,,
2025,16,693,ET38,18,good,,,
2025,17,543,ET38,18,good,,,
2025,18,413,ET38,18,good,,,
2025,1,2962,ET39,18,good,,,
2025,2,2841,ET39,18,good,,,
2025,3,2676,ET39,18,good,,,
2025,4,2528,ET39,18,good,,,
2025,5,2350,ET39,18,good,,,
2025,6,2172,ET39,18,good,,,
2025,7,2030,ET39,18,good,,,
2025,8,1884,ET39,18,good,,,
2025,9,1767,ET39,18,good,,,
2025,10,1599,ET39,18,good,,,
2025,11,1477,ET39,18,good,,,
2025,12,1337,ET39,18,good,,,
2025,13,1162,ET39,18,good,,,
2025,14,1014,ET39,18,good,,,
2025,15,921,ET39,18,good,,,
2025,16,695,ET39,18,good,,,
2025,17,621,ET39,18,good,,,
2025,18,446,ET39,18,good,,,
2025,1,1991,ET37,12,good,,,
2025,2,1782,ET37,12,good,,,
2025,3,1614,ET37,12,good,,,
2025,4,1477,ET37,12,good,,,
2025,5,1337,ET37,12,good,,,
2025,6,1235,ET37,12,good,,,
2025,7,1084,ET37,12,good,,,
2025,8,934,ET37,12,good,,,
2025,9,787,ET37,12,good,,,
2025,10,669,ET37,12,good,,,
2025,11,553,ET37,12,good,,,
2025,12,398,ET37,12,good,,,
2025,0,1473,ET40,8,bad,don't include values less than 0 because etape doesn't respond,,
2025,1,1471,ET40,8,good,,,
2025,2,1371,ET40,8,good,,,
2025,3,1175,ET40,8,good,,,
2025,4,1012,ET40,8,good,,,
2025,5,877,ET40,8,good,,,
2025,6,732,ET40,8,good,,,
2025,7,599,ET40,8,good,,,
2025,8,454,ET40,8,good,,,
2025,1,2917,ET41,18,good,,,
2025,2,2732,ET41,18,good,,,
2025,3,2581,ET41,18,good,,,
2025,4,2395,ET41,18,good,,,
2025,5,2216,ET41,18,good,,,
2025,6,2099,ET41,18,good,,,
2025,7,1915,ET41,18,good,,,
2025,8,1778,ET41,18,good,,,
2025,9,1618,ET41,18,good,,,
2025,10,1452,ET41,18,good,,,
2025,11,1307,ET41,18,good,,,
2025,12,1168,ET41,18,good,,,
2025,13,1039,ET41,18,good,,,
2025,14,901,ET41,18,good,,,
2025,15,777,ET41,18,good,,,
2025,16,646,ET41,18,good,,,
2025,17,512,ET41,18,good,,,
2025,18,384,ET41,18,good,,,
2025,1,2442,ET29 - AVRC CT2,12,good,,,
2025,2,2303,ET29 - AVRC CT2,12,good,,,
2025,3,2182,ET29 - AVRC CT2,12,good,,,
2025,4,2088,ET29 - AVRC CT2,12,good,,,
2025,5,1971,ET29 - AVRC CT2,12,good,,,
2025,6,1879,ET29 - AVRC CT2,12,good,,,
2025,7,1788,ET29 - AVRC CT2,12,good,,,
2025,8,1697,ET29 - AVRC CT2,12,good,,,
2025,9,1606,ET29 - AVRC CT2,12,good,,,
2025,10,1504,ET29 - AVRC CT2,12,good,,,
2025,11,1415,ET29 - AVRC CT2,12,good,,,
2025,12,1315,ET29 - AVRC CT2,12,good,,,
2025,1,1971,ET42,12,good,,,
2025,2,1758,ET42,12,good,,,
2025,3,1623,ET42,12,good,,,
2025,4,1473,ET42,12,good,,,
2025,5,1351,ET42,12,good,,,
2025,6,1228,ET42,12,good,,,
2025,7,1094,ET42,12,good,,,
2025,8,958,ET42,12,good,,,
2025,9,790,ET42,12,good,,,
2025,10,677,ET42,12,good,,,
2025,11,500,ET42,12,good,,,
2025,12,373,ET42,12,good,,,
2025,1,2034,ET43,12,good,,,
2025,2,1877,ET43,12,good,,,
2025,3,1694,ET43,12,good,,,
2025,4,1534,ET43,12,good,,,
2025,5,1395,ET43,12,good,,,
2025,6,1261,ET43,12,good,,,
2025,7,1128,ET43,12,good,,,
2025,8,986,ET43,12,good,,,
2025,9,846,ET43,12,good,,,
2025,10,708,ET43,12,good,,,
2025,11,534,ET43,12,good,,,
2025,12,396,ET43,12,good,,,
2025,1,1979,ET44,12,good,,,
2025,2,1784,ET44,12,good,,,
2025,3,1640,ET44,12,good,,,
2025,4,1505,ET44,12,good,,,
2025,5,1357,ET44,12,good,,,
2025,6,1230,ET44,12,good,,,
2025,7,1104,ET44,12,good,,,
2025,8,980,ET44,12,good,,,
2025,9,829,ET44,12,good,,,
2025,10,652,ET44,12,good,,,
2025,11,520,ET44,12,good,,,
2025,12,373,ET44,12,good,,,
2025,1,1926,ET45,12,good,,,
2025,2,1746,ET45,12,good,,,
2025,3,1617,ET45,12,good,,,
2025,4,1483,ET45,12,good,,,
2025,5,1335,ET45,12,good,,,
2025,6,1215,ET45,12,good,,,
2025,7,1102,ET45,12,good,,,
2025,8,950,ET45,12,good,,,
2025,9,801,ET45,12,good,,,
2025,10,655,ET45,12,good,,,
2025,11,527,ET45,12,good,,,
2025,12,398,ET45,12,good,,,
2025,1,2969,ET46,18,good,,,
2025,2,2805,ET46,18,good,,,
2025,3,2579,ET46,18,good,,,
2025,4,2385,ET46,18,good,,,
2025,5,2207,ET46,18,good,,,
2025,6,2049,ET46,18,good,,,
2025,7,1890,ET46,18,good,,,
2025,8,1726,ET46,18,good,,,
2025,9,1606,ET46,18,good,,,
2025,10,1446,ET46,18,good,,,
2025,11,1307,ET46,18,good,,,
2025,12,1140,ET46,18,good,,,
2025,13,1017,ET46,18,good,,,
2025,14,893,ET46,18,good,,,
2025,15,753,ET46,18,good,,,
2025,16,658,ET46,18,good,,,
2025,17,497,ET46,18,good,,,
2025,18,384,ET46,18,good,,,
2025,1,2914,ET47,18,good,,,
2025,2,2740,ET47,18,good,,,
2025,3,2609,ET47,18,good,,,
2025,4,2390,ET47,18,good,,,
2025,5,2227,ET47,18,good,,,
2025,6,2097,ET47,18,good,,,
2025,7,1953,ET47,18,good,,,
2025,8,1811,ET47,18,good,,,
2025,9,1683,ET47,18,good,,,
2025,10,1526,ET47,18,good,,,
2025,11,1392,ET47,18,good,,,
2025,12,1268,ET47,18,good,,,
2025,13,1128,ET47,18,good,,,
2025,14,984,ET47,18,good,,,
2025,15,853,ET47,18,good,,,
2025,16,705,ET47,18,good,,,
2025,17,549,ET47,18,good,,,
2025,18,446,ET47,18,good,,,
2025,1,3022,ET48,18,good,,,
2025,2,2872,ET48,18,good,,,
2025,3,2713,ET48,18,good,,,
2025,4,2528,ET48,18,good,,,
2025,5,2362,ET48,18,good,,,
2025,6,2207,ET48,18,good,,,
2025,7,2030,ET48,18,good,,,
2025,8,1892,ET48,18,good,,,
2025,9,1761,ET48,18,good,,,
2025,10,1608,ET48,18,good,,,
2025,11,1455,ET48,18,good,,,
2025,12,1315,ET48,18,good,,,
2025,13,1154,ET48,18,good,,,
2025,14,1009,ET48,18,good,,,
2025,15,863,ET48,18,good,,,
2025,16,732,ET48,18,good,,,
2025,17,575,ET48,18,good,,,
2025,18,455,ET48,18,good,,,
2025,1,2937,ET49,18,good,,,
2025,2,2808,ET49,18,good,,,
2025,3,2617,ET49,18,good,,,
2025,4,2426,ET49,18,good,,,
2025,5,2286,ET49,18,good,,,
2025,6,2140,ET49,18,good,,,
2025,7,1975,ET49,18,good,,,
2025,8,1844,ET49,18,good,,,
2025,9,1699,ET49,18,good,,,
2025,10,1544,ET49,18,good,,,
2025,11,1414,ET49,18,good,,,
2025,12,1262,ET49,18,good,,,
2025,13,1123,ET49,18,good,,,
2025,14,971,ET49,18,good,,,
2025,15,843,ET49,18,good,,,
2025,16,672,ET49,18,good,,,
2025,17,562,ET49,18,good,,,
2025,18,401,ET49,18,good,,,
